<?xml version="1.0" encoding="UTF-8" standalone="yes"?>
<addon id="script.hello.world" name="Hello World" version="1.0.1" provider-name="camel">
	<requires>
		<import addon="xbmc.python" version="2.14.0"/>
	</requires>
	<extension point="xbmc.python.script" library="addon.py">
		<provides>executable</provides>
	</extension>
	<extension point="xbmc.addon.metadata">
		<platform>all</platform>
		<summary lang="en">Popup Hello World</summary>
		<description lang="en">Example Script to show hello world</description>
		<license>GNU General Public License, v2</license>
		<language></language>
		<forum>http://forum.kodi.tv/showthread.php?tid=209948</forum>
		<source>https://github.com/zag2me/script.hello.world</source>
		<website>memoryaudio.ddns.net</website>
		<email>locnp.saigon@gmail.com</email>
		<assets>
			<icon>icon.png</icon>
			<fanart>fanart.jpg</fanart>
			<screenshot>resources/1.jpg</screenshot>
			<screenshot>resources/2.jpg</screenshot>
			<screenshot>resources/3.jpg</screenshot>
		</assets>
		<news>Copyright (C) 2018, NUC</news>
	</extension>
</addon>
